{"cameraMode":{"drawMode":0,"name":"Shaded","section":"Shading Mode"},"sceneLighting":true,"audioPlay":false,"sceneViewState":{"m_AlwaysRefresh":false,"showFog":true,"showSkybox":true,"showFlares":true,"showImageEffects":true,"showParticleSystems":true,"showVisualEffectGraphs":true,"m_FxEnabled":true},"in2DMode":false,"pivot":{"x":-0.34006285667419436,"y":-2.4677882194519045,"z":-6.305038928985596},"rotation":{"x":0.008910927921533585,"y":-0.9805242419242859,"z":0.19092406332492829,"w":0.045920129865407947},"size":6.852123260498047,"orthographic":false}